ALTER TABLE `detalle_relevamiento_apuestas` ADD `multimoneda` TINYINT NOT NULL AFTER `nombre_juego` ,
ADD `id_moneda` INT NULL AFTER `multimoneda` ,
ADD INDEX ( `id_moneda` ) ;
UPDATE `detalle_relevamiento_apuestas` SET `id_moneda` =1 WHERE `id_moneda` IS NULL;

--ver si hace falta ->mepa que no
ALTER TABLE `informe_fiscalizadores` ADD `turnos_sin_minimo` VARCHAR( 200 ) NOT NULL AFTER `id_apuesta_minima_juego` ,
ADD `mesas_relevadas_abiertas` MEDIUMTEXT NOT NULL AFTER `turnos_sin_minimo` ,
ADD `mesas_importadas_abiertas` MEDIUMTEXT NOT NULL AFTER `mesas_relevadas_abiertas` ,
ADD `mesas_con_diferencia` MEDIUMTEXT NOT NULL AFTER `mesas_importadas_abiertas` ,
ADD `ap_sin_validar` INT NOT NULL DEFAULT '0' AFTER `mesas_con_diferencia` ,
ADD `cie_sin_validar` INT NOT NULL DEFAULT '0' AFTER `ap_sin_validar` ,
ADD `aperturas_sorteadas` DOUBLE( 15, 2 ) NOT NULL DEFAULT '0' AFTER `cie_sin_validar` ;



CREATE TABLE IF NOT EXISTS `informe_fiscalizacion_tiene_valor_minimo` (
  `id_informe_fiscalizacion_tiene_valor_minimo` int(11) NOT NULL AUTO_INCREMENT,
  `id_apuesta_minima_juego` int(11) NOT NULL,
  `id_informe_fiscalizadores` int(11) NOT NULL,
  `cantidad_cumplieron` int(11) NOT NULL DEFAULT '0',
  `created_at` timestamp NULL DEFAULT NULL,
  `deleted_at` timestamp NULL DEFAULT NULL,
  `updated_at` timestamp NULL DEFAULT NULL,
  PRIMARY KEY (`id_informe_fiscalizacion_tiene_valor_minimo`),
  KEY `idx_minimo_apuestas_tiene_fiscc` (`id_apuesta_minima_juego`),
  KEY `idx_informe_tiene_valor_ap_minima` (`id_informe_fiscalizadores`)
) ENGINE=InnoDB  DEFAULT CHARSET=latin1 AUTO_INCREMENT=1 ;


--verrr
ALTER TABLE `apuesta_minima_juego` CHANGE `id_apuesta_minima` `id_apuesta_minima_juego` INT( 11 ) NOT NULL AUTO_INCREMENT ;


--
ALTER TABLE `importacion_diaria_mesas` ADD `nombre_csv` VARCHAR(100) NULL DEFAULT NULL AFTER `id_importacion_diaria_mesas`;
ALTER TABLE `importacion_mensual_mesas` ADD `nombre_csv` VARCHAR(100) NULL AFTER `id_importacion_mensual_mesas`;
ALTER TABLE `comando_a_ejecutar` CHANGE `nombre_comando` `nombre_comando` VARCHAR(60) CHARACTER SET latin1 COLLATE latin1_swedish_ci NOT NULL;

ALTER TABLE `importacion_mensual_mesas` ADD `saldo_fichas_mes` DOUBLE(15,2) NULL AFTER `total_utilidad_mensual`;
ALTER TABLE `importacion_mensual_mesas` CHANGE `diferencias` `diferencias` DOUBLE(15,2) NOT NULL DEFAULT '0';
ALTER TABLE `detalle_importacion_mensual_mesas` CHANGE `utilidad_calculada` `utilidad_calculada_dia` DOUBLE(15,2) NULL DEFAULT NULL;
ALTER TABLE `detalle_importacion_mensual_mesas` ADD `created_at` TIMESTAMP NULL AFTER `reposiciones_dia`, ADD `updated_at` TIMESTAMP NULL AFTER `created_at`, ADD `deleted_at` TIMESTAMP NULL AFTER `updated_at`;



CREATE TABLE IF NOT EXISTS `campo_modificado_mesas` (
  `id_campo_modificado` int(11) NOT NULL AUTO_INCREMENT,
  `id_importacion_diaria_mesas` int(11) NOT NULL,
  `id_entidad` int(11) NOT NULL,
  `nombre_entidad` varchar(30) NOT NULL,
  `nombre_del_campo` varchar(30) NOT NULL,
  `valor_anterior` varchar(50) NOT NULL,
  `valor_nuevo` varchar(50) NOT NULL,
  `id_entidad_extra` int(11) DEFAULT NULL,
  `nombre_entidad_extra` varchar(30) DEFAULT NULL,
  `accion` varchar(15) NOT NULL,
  `created_at` timestamp NULL DEFAULT NULL,
  `updated_at` timestamp NULL DEFAULT NULL,
  `deleted_at` timestamp NULL DEFAULT NULL,
  PRIMARY KEY (`id_campo_modificado`)
) ENGINE=InnoDB;



ALTER TABLE `detalle_importacion_diaria_mesas`
  DROP `hold`;

  ALTER TABLE `detalle_importacion_mensual_mesas`
  DROP `droop`,
  DROP `hold`;

  ALTER TABLE `detalle_informe_final_mesas` DROP `mes_detalle` ;

  ALTER TABLE `detalle_informe_final_mesas` CHANGE `cotizacion_euro_anterior` `cotizacion_euro_anterior` DOUBLE( 10, 4 ) NULL DEFAULT NULL ,
CHANGE `cotizacion_euro_actual` `cotizacion_euro_actual` DOUBLE( 10, 4 ) NULL DEFAULT NULL ,
CHANGE `cotizacion_dolar_actual` `cotizacion_dolar_actual` DOUBLE( 10, 4 ) NULL DEFAULT NULL ,
CHANGE `cotizacion_dolar_anterior` `cotizacion_dolar_anterior` DOUBLE( 10, 4 ) NULL DEFAULT NULL ;









--ver si lo de ficha_tiene_casino ya estaba


CREATE TABLE IF NOT EXISTS `ficha_tiene_casino` (
  `id_ficha_tiene_casino` int(11) NOT NULL AUTO_INCREMENT,
  `id_ficha` int(11) NOT NULL,
  `id_casino` int(11) NOT NULL,
  `created_at` timestamp NULL DEFAULT NULL,
  `updated_at` timestamp NULL DEFAULT NULL,
  `deleted_at` timestamp NULL DEFAULT NULL,
  PRIMARY KEY (`id_ficha_tiene_casino`),
  KEY `idx_ficha_tiene_casino` (`id_ficha`),
  KEY `idx_casino_con_ficha_tiene_casino` (`id_casino`)
) ENGINE=InnoDB  DEFAULT CHARSET=latin1 AUTO_INCREMENT=76 ;

--
-- Volcado de datos para la tabla `ficha_tiene_casino`
--

INSERT INTO `ficha_tiene_casino` (`id_ficha_tiene_casino`, `id_ficha`, `id_casino`, `created_at`, `updated_at`, `deleted_at`) VALUES
(1, 28, 3, '2018-05-02 09:57:03', '2019-05-02 09:57:03', NULL),
(2, 10, 3, '2018-05-02 09:57:03', '2019-05-02 09:57:03', NULL),
(3, 9, 3, '2018-05-02 09:57:03', '2019-05-02 09:57:03', NULL),
(4, 8, 3, '2018-05-02 09:57:03', '2019-05-02 09:57:03', NULL),
(5, 7, 3, '2018-05-02 09:57:03', '2019-05-02 09:57:03', NULL),
(6, 30, 3, '2018-05-02 09:57:03', '2019-05-02 09:57:03', NULL),
(7, 6, 3, '2018-05-02 09:57:03', '2019-05-02 09:57:03', NULL),
(8, 5, 3, '2018-05-02 09:57:03', '2019-05-02 09:57:03', NULL),
(9, 32, 3, '2018-05-02 09:57:03', '2019-05-02 09:57:03', NULL),
(10, 4, 3, '2018-05-02 09:57:03', '2019-05-02 09:57:03', NULL),
(11, 3, 3, '2018-05-02 09:57:03', '2019-05-02 09:57:03', NULL),
(12, 34, 3, '2018-05-02 09:57:03', '2019-05-02 09:57:03', NULL),
(13, 36, 3, '2018-05-02 09:57:03', '2019-05-02 09:57:03', NULL),
(14, 2, 3, '2018-05-02 09:57:03', '2019-05-02 09:57:03', NULL),
(15, 1, 3, '2018-05-02 09:57:03', '2019-05-02 09:57:03', NULL),
(16, 29, 3, '2018-05-02 09:57:03', '2019-05-02 09:57:03', NULL),
(17, 11, 3, '2018-05-02 09:57:03', '2019-05-02 09:57:03', NULL),
(18, 25, 3, '2018-05-02 09:57:03', '2019-05-02 09:57:03', NULL),
(19, 24, 3, '2018-05-02 09:57:03', '2019-05-02 09:57:03', NULL),
(20, 23, 3, '2018-05-02 09:57:03', '2019-05-02 09:57:03', NULL),
(21, 31, 3, '2018-05-02 09:57:03', '2019-05-02 09:57:03', NULL),
(22, 21, 3, '2018-05-02 09:57:03', '2019-05-02 09:57:03', NULL),
(23, 20, 3, '2018-05-02 09:57:03', '2019-05-02 09:57:03', NULL),
(24, 33, 3, '2018-05-02 09:57:03', '2019-05-02 09:57:03', NULL),
(25, 18, 3, '2018-05-02 09:57:03', '2019-05-02 09:57:03', NULL),
(26, 17, 3, '2018-05-02 09:57:03', '2019-05-02 09:57:03', NULL),
(27, 35, 3, '2018-05-02 09:57:03', '2019-05-02 09:57:03', NULL),
(28, 37, 3, '2018-05-02 09:57:03', '2019-05-02 09:57:03', NULL),
(29, 27, 3, '2018-05-02 09:57:03', '2019-05-02 09:57:03', NULL),
(30, 14, 3, '2018-05-02 09:57:03', '2019-05-02 09:57:03', NULL),
(31, 28, 2, '2018-05-02 09:57:03', '2019-05-02 09:57:38', NULL),
(32, 10, 2, '2018-05-02 09:57:03', '2019-05-02 09:57:38', NULL),
(33, 9, 2, '2018-05-02 09:57:03', '2019-05-02 09:57:38', NULL),
(34, 8, 2, '2018-05-02 09:57:03', '2019-05-02 09:57:38', NULL),
(35, 7, 2, '2018-05-02 09:57:03', '2019-05-02 09:57:38', NULL),
(36, 30, 2, '2018-05-02 09:57:03', '2019-05-02 09:57:38', NULL),
(37, 6, 2, '2018-05-02 09:57:03', '2019-05-02 09:57:38', NULL),
(38, 5, 2, '2018-05-02 09:57:03', '2019-05-02 09:57:38', NULL),
(39, 32, 2, '2018-05-02 09:57:03', '2019-05-02 09:57:38', NULL),
(40, 4, 2, '2018-05-02 09:57:03', '2019-05-02 09:57:38', NULL),
(41, 3, 2, '2018-05-02 09:57:03', '2019-05-02 09:57:38', NULL),
(42, 34, 2, '2018-05-02 09:57:03', '2019-05-02 09:57:38', NULL),
(43, 36, 2, '2018-05-02 09:57:03', '2019-05-02 09:57:38', NULL),
(44, 2, 2, '2018-05-02 09:57:03', '2019-05-02 09:57:38', NULL),
(45, 1, 2, '2018-05-02 09:57:03', '2019-05-02 09:57:38', NULL),
(46, 29, 2, '2018-05-02 09:57:03', '2019-05-02 09:57:38', NULL),
(47, 11, 2, '2018-05-02 09:57:03', '2019-05-02 09:57:38', NULL),
(48, 25, 2, '2018-05-02 09:57:03', '2019-05-02 09:57:38', NULL),
(49, 24, 2, '2018-05-02 09:57:03', '2019-05-02 09:57:38', NULL),
(50, 23, 2, '2018-05-02 09:57:03', '2019-05-02 09:57:38', NULL),
(51, 31, 2, '2018-05-02 09:57:03', '2019-05-02 09:57:38', NULL),
(52, 21, 2, '2018-05-02 09:57:03', '2019-05-02 09:57:38', NULL),
(53, 20, 2, '2018-05-02 09:57:03', '2019-05-02 09:57:38', NULL),
(54, 33, 2, '2018-05-02 09:57:03', '2019-05-02 09:57:38', NULL),
(55, 18, 2, '2018-05-02 09:57:03', '2019-05-02 09:57:38', NULL),
(56, 17, 2, '2018-05-02 09:57:03', '2019-05-02 09:57:38', NULL),
(57, 35, 2, '2018-05-02 09:57:03', '2019-05-02 09:57:38', NULL),
(58, 37, 2, '2018-05-02 09:57:03', '2019-05-02 09:57:38', NULL),
(59, 27, 2, '2018-05-02 09:57:03', '2019-05-02 09:57:38', NULL),
(60, 14, 2, '2018-05-02 09:57:03', '2019-05-02 09:57:38', NULL),
(61, 28, 1, '2018-05-02 09:57:03', '2019-05-02 09:58:10', NULL),
(62, 10, 1, '2018-05-02 09:57:03', '2019-05-02 09:58:10', NULL),
(63, 9, 1, '2018-05-02 09:57:03', '2019-05-02 09:58:10', NULL),
(64, 8, 1, '2018-05-02 09:57:03', '2019-05-02 09:58:10', NULL),
(65, 7, 1, '2018-05-02 09:57:03', '2019-05-02 09:58:10', NULL),
(66, 30, 1, '2018-05-02 09:57:03', '2019-05-02 09:58:10', NULL),
(67, 6, 1, '2018-05-02 09:57:03', '2019-05-02 09:58:10', NULL),
(68, 5, 1, '2018-05-02 09:57:03', '2019-05-02 09:58:10', NULL),
(69, 32, 1, '2018-05-02 09:57:03', '2019-05-02 09:58:10', NULL),
(70, 4, 1, '2018-05-02 09:57:03', '2019-05-02 09:58:10', NULL),
(71, 3, 1, '2018-05-02 09:57:03', '2019-05-02 09:58:10', NULL),
(72, 34, 1, '2018-05-02 09:57:03', '2019-05-02 09:58:10', NULL),
(73, 36, 1, '2018-05-02 09:57:03', '2019-05-02 09:58:10', NULL),
(74, 2, 1, '2018-05-02 09:57:03', '2019-05-02 09:58:10', NULL),
(75, 1, 1, '2018-05-02 09:57:03', '2019-05-02 09:58:10', NULL);

INSERT INTO `importacion_diaria_mesas` (`id_importacion_diaria_mesas`, `nombre_csv`, `fecha`, `validado`, `id_casino`, `id_moneda`, `total_diario`, `diferencias`, `observacion`, `cotizacion`, `utilidad_diaria_calculada`, `saldo_diario_fichas`, `total_diario_retiros`, `total_diario_reposiciones`, `utilidad_diaria_total`, `hold_total`, `created_at`, `updated_at`, `deleted_at`) VALUES
(145, 'Drop Efectivo Mesas - Enero_2_01.csv', '2019-01-01', 2, 1, 1, 873715.00, 100700.00, NULL, NULL, 161470.00, -213245.00, 1000.00, 500000.00, 262170.00, NULL, '2019-04-17 18:54:33', '2019-04-17 19:28:13', NULL),
(149, 'Drop Efectivo Mesas - Enero_2_02.csv', '2019-01-02', 2, 1, 1, 1183340.00, 181200.00, NULL, NULL, 336145.00, -187195.00, 0.00, 660000.00, 315945.00, NULL, '2019-04-17 19:49:11', '2019-04-17 20:21:23', NULL),
(150, 'drop3.csv.csv', '2019-01-03', 2, 1, 1, 841335.00, 60.00, NULL, NULL, 356050.00, -235285.00, 0.00, 250000.00, 356110.00, NULL, '2019-04-17 20:20:58', '2019-04-17 20:24:27', NULL),
(151, 'drop4.csv.csv', '2019-01-04', 1, 1, 1, 1986370.00, 147700.00, NULL, NULL, 1059640.00, -87030.00, 200000.00, 1080000.00, 1207340.00, NULL, '2019-04-17 21:20:26', '2019-04-17 21:20:35', NULL),
(152, 'drop5.csv.csv', '2019-01-05', 1, 1, 1, 1701050.00, 305755.00, NULL, NULL, -787635.00, -351665.00, 740000.00, 3080000.00, -857880.00, NULL, '2019-04-17 21:20:54', '2019-04-17 21:21:03', NULL),
(153, 'drop6.csv.csv', '2019-01-06', 1, 1, 1, 1831150.00, 70935.00, NULL, NULL, 972615.00, 641465.00, 0.00, 1500000.00, 901680.00, NULL, '2019-04-17 21:21:23', '2019-04-17 21:21:31', NULL),
(155, 'drop8.csv.csv', '2019-01-08', 2, 1, 1, 752805.00, 0.00, NULL, NULL, 278785.00, 525980.00, 0.00, 1000000.00, 278785.00, NULL, '2019-04-17 21:22:19', '2019-04-17 22:09:01', NULL),
(156, 'drop9.csv.csv', '2019-01-09', 2, 1, 1, 1008505.00, 0.00, NULL, NULL, 958595.00, 250090.00, 200000.00, 500000.00, 958595.00, NULL, '2019-04-17 21:22:45', '2019-04-17 22:05:55', NULL),
(157, 'drop7.csv.csv', '2019-01-07', 1, 1, 1, 889845.00, 200.00, NULL, NULL, 220555.00, -259290.00, 0.00, 410000.00, 220755.00, NULL, '2019-04-17 22:24:27', '2019-04-17 22:24:45', NULL),
(159, 'drop10.csv.csv', '2019-01-10', 1, 1, 1, 954005.00, 0.00, NULL, NULL, -430570.00, -804575.00, 500000.00, 1080000.00, -430570.00, NULL, '2019-04-17 23:26:47', '2019-04-17 23:27:28', NULL),
(160, 'drop11.csv.csv', '2019-01-11', 1, 1, 1, 1952840.00, 200.00, NULL, NULL, 130250.00, -122590.00, 100000.00, 1800000.00, 130050.00, NULL, '2019-04-17 23:27:04', '2019-04-17 23:27:34', NULL),
(161, 'drop12.csv.csv', '2019-01-12', 1, 1, 1, 2147650.00, 200.00, NULL, NULL, 1401325.00, 83675.00, 0.00, 830000.00, 1401525.00, NULL, '2019-04-17 23:27:21', '2019-04-17 23:27:39', NULL),
(162, 'drop13.csv.csv', '2019-01-13', 1, 1, 1, 2512140.00, 0.00, NULL, NULL, 1611735.00, 479595.00, 0.00, 1380000.00, 1611735.00, NULL, '2019-04-17 23:31:49', '2019-04-17 23:32:34', NULL),
(163, 'drop14.csv.csv', '2019-01-14', 1, 1, 1, 780075.00, 100100.00, NULL, NULL, 487925.00, 707850.00, 0.00, 1000000.00, 387825.00, NULL, '2019-04-17 23:32:08', '2019-04-17 23:32:39', NULL),
(164, 'drop15.csv.csv', '2019-01-15', 1, 1, 1, 790955.00, 100100.00, NULL, NULL, 72000.00, -718955.00, 0.00, 0.00, 172100.00, NULL, '2019-04-17 23:32:25', '2019-04-17 23:32:44', NULL),
(165, 'drop16.csv.csv', '2019-01-16', 1, 1, 1, 1042175.00, -73100.00, NULL, NULL, 237140.00, -219035.00, 0.00, 500000.00, 164040.00, NULL, '2019-04-17 23:41:33', '2019-04-17 23:42:23', NULL),
(166, 'drop17.csv.csv', '2019-01-17', 1, 1, 1, 762285.00, 98620.00, NULL, NULL, 7020.00, -205265.00, 0.00, 550000.00, 105640.00, NULL, '2019-04-17 23:41:52', '2019-04-17 23:42:28', NULL),
(167, 'drop18.csv.csv', '2019-01-18', 2, 1, 1, 1703240.00, 257720.00, NULL, NULL, 359235.00, 1395995.00, 20000.00, 2760000.00, 419715.00, NULL, '2019-04-17 23:42:13', '2019-04-17 23:46:52', NULL),
(168, 'drop19.csv.csv', '2019-01-19', 1, 1, 1, 1960680.00, 0.00, NULL, NULL, 275780.00, -934900.00, 0.00, 750000.00, 275780.00, NULL, '2019-04-17 23:50:08', '2019-04-17 23:50:16', NULL),
(169, 'drop20.csv.csv', '2019-01-20', 1, 1, 1, 1312480.00, 0.00, NULL, NULL, 104675.00, 172195.00, 0.00, 1380000.00, 104675.00, NULL, '2019-04-17 23:50:33', '2019-04-17 23:50:40', NULL),
(170, 'drop21.csv.csv', '2019-01-21', 1, 1, 1, 945610.00, 15365.00, NULL, NULL, 12280.00, -443770.00, 0.00, 330000.00, 27645.00, NULL, '2019-04-17 23:50:57', '2019-04-17 23:51:03', NULL),
(171, 'drop22.csv.csv', '2019-01-22', 2, 1, 1, 499645.00, 144215.00, NULL, NULL, 36135.00, -213510.00, 0.00, 250000.00, 180350.00, NULL, '2019-04-17 23:53:10', '2019-04-17 23:54:11', NULL),
(172, 'drop23.csv.csv', '2019-01-23', 1, 1, 1, 1055090.00, 80060.00, NULL, NULL, 428970.00, 453880.00, 0.00, 1080000.00, 348910.00, NULL, '2019-04-18 00:18:56', '2019-04-18 00:19:39', NULL),
(173, 'drop24.csv.csv', '2019-01-24', 2, 1, 1, 1052435.00, 60.00, NULL, NULL, 452535.00, -349900.00, 0.00, 250000.00, 452595.00, NULL, '2019-04-18 00:19:13', '2019-04-18 00:21:44', NULL),
(174, 'drop25.csv.csv', '2019-01-25', 1, 1, 1, 1817860.00, 0.00, NULL, NULL, 632530.00, 944670.00, 0.00, 2130000.00, 632530.00, NULL, '2019-04-18 00:19:31', '2019-04-18 00:19:50', NULL),
(175, 'drop26.csv.csv', '2019-01-26', 1, 1, 1, 2002015.00, 5000.00, NULL, NULL, 539090.00, -332925.00, 0.00, 1130000.00, 544090.00, NULL, '2019-04-18 00:25:23', '2019-04-18 00:25:49', NULL),
(176, 'drop27.csv.csv', '2019-01-27', 1, 1, 1, 1405575.00, 26400.00, NULL, NULL, 400910.00, 75335.00, 0.00, 1080000.00, 374510.00, NULL, '2019-04-18 00:25:42', '2019-04-18 00:25:55', NULL),
(177, 'drop28.csv.csv', '2019-01-28', 1, 1, 1, 568820.00, 21400.00, NULL, NULL, 117195.00, -41625.00, 0.00, 410000.00, 138595.00, NULL, '2019-04-18 00:26:32', '2019-04-18 00:27:36', NULL),
(178, 'drop29.csv.csv', '2019-01-29', 1, 1, 1, 486530.00, 0.00, NULL, NULL, -154705.00, -311235.00, 0.00, 330000.00, -154705.00, NULL, '2019-04-18 00:26:49', '2019-04-18 00:27:50', NULL),
(179, 'drop30.csv.csv', '2019-01-30', 2, 1, 1, 1428020.00, -1600000.00, NULL, NULL, 1362095.00, 284075.00, 800000.00, 1150000.00, -237905.00, NULL, '2019-04-18 00:27:06', '2019-04-18 00:33:53', NULL),
(181, 'drop31.csv.csv', '2019-01-31', 2, 1, 1, 1068385.00, 0.00, NULL, NULL, 237275.00, 318890.00, 0.00, 1150000.00, 237275.00, NULL, '2019-04-18 00:27:28', '2019-04-18 00:41:20', NULL),
(184, 'ROSARIO_2019_02_01_dolar.csv', '2019-02-01', 1, 3, 2, 188200.00, 158982.00, NULL, 38.31, 227690.00, 39490.00, 0.00, 0.00, 68708.00, NULL, '2019-04-18 01:03:48', '2019-04-18 01:03:57', NULL),
(186, 'ROSARIO_2019_02_01_pesos.csv', '2019-02-01', 1, 3, 1, 6852855.00, 8229141.00, NULL, NULL, 5352504.00, -1500351.00, 0.00, 0.00, 5324447.00, NULL, '2019-04-18 01:06:18', '2019-04-18 01:06:29', NULL),
(188, 'ROSARIO_2019_02_02_dolar.csv', '2019-02-02', 1, 3, 2, 37700.00, 50.00, NULL, 38.31, 12565.00, -25135.00, 0.00, 0.00, 12515.00, NULL, '2019-04-18 17:36:56', '2019-04-18 17:37:03', NULL),
(189, 'ROSARIO_2019_02_02_pesos.csv', '2019-02-02', 1, 3, 1, 8305840.00, 7291676.50, NULL, NULL, 7752701.50, -553138.50, 0.00, 0.00, 569825.00, NULL, '2019-04-18 17:37:23', '2019-04-18 17:37:31', NULL),
(192, 'ROSARIO_2019_02_03_dolar.csv', '2019-02-03', 1, 3, 2, 16900.00, 2002.50, NULL, 38.31, 9022.50, -7877.50, 0.00, 0.00, 7020.00, NULL, '2019-04-18 17:44:45', '2019-04-18 17:45:56', NULL),
(193, 'ROSARIO_2019_02_04_dolar.csv', '2019-02-04', 1, 3, 2, 23500.00, 65380.00, NULL, 38.16, 76925.00, 53425.00, 0.00, 0.00, 11545.00, NULL, '2019-04-18 17:46:23', '2019-04-18 18:12:22', NULL),
(194, 'ROSARIO_2019_02_05_dolar.csv', '2019-02-05', 1, 3, 2, 28400.00, 53027.50, NULL, 38.06, 9067.50, -19332.50, 0.00, 0.00, 21595.00, NULL, '2019-04-18 17:46:57', '2019-04-18 18:12:32', NULL),
(195, 'ROSARIO_2019_02_06_dolar.csv', '2019-02-06', 1, 3, 2, 22500.00, 165.00, NULL, 38.44, -3550.00, -26050.00, 0.00, 0.00, -3715.00, NULL, '2019-04-18 17:47:24', '2019-04-18 18:12:42', NULL),
(196, 'ROSARIO_2019_02_07_dolar.csv', '2019-02-07', 1, 3, 2, 23600.00, 4662.50, NULL, 38.67, 4317.50, -19282.50, 0.00, 0.00, 8540.00, NULL, '2019-04-18 17:48:33', '2019-04-18 18:12:47', NULL),
(197, 'ROSARIO_2019_02_08_dolar.csv', '2019-02-08', 1, 3, 2, 36300.00, 98.00, NULL, 38.64, 2215.00, -34085.00, 0.00, 0.00, 2133.00, NULL, '2019-04-18 17:49:02', '2019-04-18 18:12:51', NULL),
(198, 'ROSARIO_2019_02_09_dolar.csv', '2019-02-09', 1, 3, 2, 20800.00, 3237.50, NULL, 38.67, -12052.50, -32852.50, 0.00, 0.00, -15290.00, NULL, '2019-04-18 17:49:44', '2019-04-18 18:12:55', NULL),
(199, 'ROSARIO_2019_02_10_dolar.csv', '2019-02-10', 1, 3, 2, 48600.00, 25500.00, NULL, 38.67, 75060.00, 26460.00, 0.00, 0.00, 49560.00, NULL, '2019-04-18 17:50:13', '2019-04-18 18:13:00', NULL),
(200, 'ROSARIO_2019_02_11_dolar.csv', '2019-02-11', 1, 3, 2, 51300.00, 10.00, NULL, 38.94, 43030.00, -8270.00, 0.00, 0.00, 43020.00, NULL, '2019-04-18 17:50:47', '2019-04-18 18:13:06', NULL),
(201, 'ROSARIO_2019_02_12_dolar.csv', '2019-02-12', 1, 3, 2, 23900.00, 11020.00, NULL, 38.64, 7540.00, -16360.00, 0.00, 0.00, 1520.00, NULL, '2019-04-18 17:51:27', '2019-04-18 18:13:10', NULL),
(202, 'ROSARIO_2019_02_13_dolar.csv', '2019-02-13', 1, 3, 2, 40600.00, 27700.00, NULL, 38.79, 44600.00, 4000.00, 0.00, 0.00, 33900.00, NULL, '2019-04-18 17:52:42', '2019-04-18 18:13:15', NULL),
(203, 'ROSARIO_2019_02_14_dolar.csv', '2019-02-14', 1, 3, 2, 188200.00, 221117.00, NULL, 38.95, 226475.00, 38275.00, 0.00, 0.00, 68708.00, NULL, '2019-04-18 17:53:07', '2019-04-18 18:13:21', NULL),
(204, 'ROSARIO_2019_02_15_dolar.csv', '2019-02-15', 1, 3, 2, 24600.00, 10157.50, NULL, 39.18, 38875.00, 14275.00, 0.00, 0.00, 28717.50, NULL, '2019-04-18 17:53:32', '2019-04-18 18:13:27', NULL),
(205, 'ROSARIO_2019_02_16_dolar.csv', '2019-02-16', 1, 3, 2, 69400.00, 150200.00, NULL, 39.18, 149280.00, 79880.00, 0.00, 0.00, -920.00, NULL, '2019-04-18 17:53:56', '2019-04-18 18:13:32', NULL),
(206, 'ROSARIO_2019_02_17_dolar.csv', '2019-02-17', 1, 3, 2, 27300.00, 23850.00, NULL, 39.18, 23505.00, -2495.00, 0.00, 0.00, -2645.00, NULL, '2019-04-18 17:54:20', '2019-04-18 18:13:35', NULL),
(207, 'ROSARIO_2019_02_18_dolar.csv', '2019-02-18', 1, 3, 2, 25200.00, 200.00, NULL, 39.70, 23400.00, -1800.00, 0.00, 0.00, 23200.00, NULL, '2019-04-18 17:54:46', '2019-04-18 18:13:39', NULL),
(208, 'ROSARIO_2019_02_19_dolar.csv', '2019-02-19', 1, 3, 2, 7000.00, 20.00, NULL, 39.87, 6000.00, -1000.00, 0.00, 0.00, 5980.00, NULL, '2019-04-18 17:55:15', '2019-04-18 18:13:42', NULL),
(209, 'ROSARIO_2019_02_20_dolar.csv', '2019-02-20', 1, 3, 2, 2800.00, 75.00, NULL, 40.63, -2725.00, -5525.00, 0.00, 0.00, -2800.00, NULL, '2019-04-18 17:55:46', '2019-04-18 18:13:55', NULL),
(210, 'ROSARIO_2019_02_21_dolar.csv', '2019-02-21', 1, 3, 2, 41400.00, 30.00, NULL, 40.40, 17757.50, -23642.50, 0.00, 0.00, 17727.50, NULL, '2019-04-18 17:56:18', '2019-04-18 18:14:05', NULL),
(211, 'ROSARIO_2019_02_22_dolar.csv', '2019-02-22', 1, 3, 2, 79900.00, 13136.50, NULL, 39.99, 63005.00, -5695.00, 0.00, 0.00, 73168.50, NULL, '2019-04-18 17:56:48', '2019-04-18 18:14:08', NULL),
(212, 'ROSARIO_2019_02_23_dolar.csv', '2019-02-23', 1, 3, 2, 11700.00, 40.00, NULL, 39.99, 200.00, -11500.00, 0.00, 0.00, 160.00, NULL, '2019-04-18 17:57:15', '2019-04-18 18:14:12', NULL),
(213, 'ROSARIO_2019_02_24_dolar.csv', '2019-02-24', 1, 3, 2, 49600.00, 0.00, NULL, 39.99, 647.50, -48952.50, 0.00, 0.00, 647.50, NULL, '2019-04-18 17:57:44', '2019-04-18 18:14:17', NULL),
(214, 'ROSARIO_2019_02_25_dolar.csv', '2019-02-25', 1, 3, 2, 18400.00, 10000.50, NULL, 39.78, 12567.50, -5832.50, 0.00, 0.00, 2568.00, NULL, '2019-04-18 17:58:13', '2019-04-18 18:14:21', NULL),
(215, 'ROSARIO_2019_02_03_pesos.csv', '2019-02-03', 1, 3, 1, 7244450.00, 5831985.00, NULL, NULL, 5501705.50, -1742744.50, 0.00, 0.00, 1626100.50, NULL, '2019-04-18 19:13:40', '2019-04-18 19:15:13', NULL),
(216, 'ROSARIO_2019_02_04_pesos.csv', '2019-02-04', 1, 3, 1, 5493830.00, 7782136.50, NULL, NULL, 6671578.50, 1177748.50, 0.00, 0.00, 1977742.00, NULL, '2019-04-18 19:14:00', '2019-04-18 19:15:18', NULL),
(217, 'ROSARIO_2019_02_05_pesos.csv', '2019-02-05', 1, 3, 1, 6421725.00, 4131192.00, NULL, NULL, 4548255.50, -1873469.50, 0.00, 0.00, 944513.50, NULL, '2019-04-18 19:14:21', '2019-04-18 19:15:22', NULL),
(218, 'ROSARIO_2019_02_06_pesos.csv', '2019-02-06', 1, 3, 1, 6055995.00, 4777367.50, NULL, NULL, 5284099.00, -565471.00, 0.00, 0.00, 1895281.50, NULL, '2019-04-18 19:14:40', '2019-04-18 19:15:27', NULL),
(219, 'ROSARIO_2019_02_07_pesos.csv', '2019-02-07', 1, 3, 1, 5905635.00, 5555407.50, NULL, NULL, 6555500.50, 649865.50, 0.00, 0.00, 1099183.00, NULL, '2019-04-18 19:15:02', '2019-04-18 19:15:31', NULL),
(220, 'ROSARIO_2019_02_08_pesos.csv', '2019-02-08', 1, 3, 1, 7239515.00, 5238834.00, NULL, NULL, 7268642.00, 29127.00, 0.00, 0.00, 2029808.00, NULL, '2019-04-18 19:15:50', '2019-04-18 19:15:59', NULL),
(221, 'ROSARIO_2019_02_09_pesos.csv', '2019-02-09', 1, 3, 1, 8683595.00, 5778851.50, NULL, NULL, 8674989.00, -8606.00, 0.00, 0.00, 3147937.50, NULL, '2019-04-18 19:18:11', '2019-04-18 19:44:08', NULL),
(222, 'ROSARIO_2019_02_10_pesos.csv', '2019-02-10', 1, 3, 1, 6369540.00, 6023902.00, NULL, NULL, 7866399.00, 1496859.00, 0.00, 0.00, 2518097.00, NULL, '2019-04-18 19:18:31', '2019-04-18 19:44:12', NULL),
(223, 'ROSARIO_2019_02_11_pesos.csv', '2019-02-11', 1, 3, 1, 6419265.00, 3311511.50, NULL, NULL, 5510518.50, -908746.50, 0.00, 0.00, 2307545.00, NULL, '2019-04-18 19:18:50', '2019-04-18 19:44:16', NULL),
(224, 'ROSARIO_2019_02_12_pesos.csv', '2019-02-12', 1, 3, 1, 5831715.00, 4478639.50, NULL, NULL, 5576792.50, -254922.50, 0.00, 0.00, 1136665.00, NULL, '2019-04-18 19:19:09', '2019-04-18 19:44:21', NULL),
(225, 'ROSARIO_2019_02_13_pesos.csv', '2019-02-13', 1, 3, 1, 6673065.00, 3219211.00, NULL, NULL, 5034464.00, -1638601.00, 0.00, 0.00, 1909903.00, NULL, '2019-04-18 19:19:29', '2019-04-18 19:44:25', NULL),
(226, 'ROSARIO_2019_02_14_pesos.csv', '2019-02-14', 1, 3, 1, 6451650.00, 5234408.50, NULL, NULL, 6694777.00, 243127.00, 0.00, 0.00, 1857510.50, NULL, '2019-04-18 19:19:56', '2019-04-18 19:44:30', NULL),
(227, 'ROSARIO_2019_02_15_pesos.csv', '2019-02-15', 1, 3, 1, 7504325.00, 4305642.00, NULL, NULL, 5775294.00, -1729031.00, 0.00, 0.00, 1559331.00, NULL, '2019-04-18 19:20:17', '2019-04-18 19:44:36', NULL),
(228, 'ROSARIO_2019_02_16_pesos.csv', '2019-02-16', 1, 3, 1, 7286995.00, 6493206.50, NULL, NULL, 7837286.50, 550291.50, 0.00, 0.00, 2370080.00, NULL, '2019-04-18 19:43:51', '2019-04-18 19:44:40', NULL),
(229, 'ROSARIO_2019_02_17_pesos.csv', '2019-02-17', 1, 3, 1, 6417505.00, 6226835.50, NULL, NULL, 7622063.50, 1204558.50, 0.00, 0.00, 1550342.00, NULL, '2019-04-18 19:45:21', '2019-04-18 19:46:51', NULL),
(230, 'ROSARIO_2019_02_18_pesos.csv', '2019-02-18', 1, 3, 1, 5531265.00, 5160818.00, NULL, NULL, 6780542.50, 1249277.50, 0.00, 0.00, 1619724.50, NULL, '2019-04-18 19:45:44', '2019-04-18 19:46:54', NULL),
(231, 'ROSARIO_2019_02_19_pesos.csv', '2019-02-19', 1, 3, 1, 4997780.00, 3411099.50, NULL, NULL, 3986987.00, -1010793.00, 0.00, 0.00, 1507687.50, NULL, '2019-04-18 19:46:06', '2019-04-18 19:47:00', NULL),
(232, 'ROSARIO_2019_02_20_pesos.csv', '2019-02-20', 1, 3, 1, 5024775.00, 4505201.00, NULL, NULL, 5224144.50, 199369.50, 0.00, 0.00, 769368.50, NULL, '2019-04-18 19:47:15', '2019-04-18 19:47:27', NULL),
(233, 'ROSARIO_2019_02_21_pesos.csv', '2019-02-21', 1, 3, 1, 5386445.00, 3810412.50, NULL, NULL, 4797324.50, -589120.50, 0.00, 0.00, 1176912.00, NULL, '2019-04-18 19:47:43', '2019-04-18 19:48:04', NULL),
(234, 'ROSARIO_2019_02_22_pesos.csv', '2019-02-22', 1, 3, 1, 6139720.00, 6478437.50, NULL, NULL, 7311752.00, 1172032.00, 0.00, 0.00, 833314.50, NULL, '2019-04-18 19:48:23', '2019-04-18 19:53:48', NULL),
(235, 'ROSARIO_2019_02_23_pesos.csv', '2019-02-23', 1, 3, 1, 8704020.00, 6257585.50, NULL, NULL, 6872267.50, -1831752.50, 0.00, 0.00, 684032.00, NULL, '2019-04-18 19:54:54', '2019-04-18 19:56:50', NULL),
(236, 'ROSARIO_2019_02_24_pesos.csv', '2019-02-24', 1, 3, 1, 8912115.00, 8717331.00, NULL, NULL, 9762173.00, 850058.00, 0.00, 0.00, 1084742.00, NULL, '2019-04-18 19:55:26', '2019-04-18 19:56:54', NULL),
(238, 'ROSARIO_2019_02_26_dolar.csv', '2019-02-26', 1, 3, 2, 5000.00, 52550.00, NULL, 39.73, 57150.00, 52150.00, 0.00, 0.00, 4700.00, NULL, '2019-04-18 20:00:46', '2019-04-18 20:00:59', NULL),
(239, 'ROSARIO_2019_02_27_dolar.csv', '2019-02-27', 1, 3, 2, 24200.00, 70.00, NULL, 39.63, -3600.00, -27800.00, 0.00, 0.00, -3670.00, NULL, '2019-04-18 20:01:25', '2019-04-18 20:02:11', NULL),
(240, 'ROSARIO_2019_02_28_dolar.csv', '2019-02-28', 1, 3, 2, 33700.00, 125.00, NULL, 39.87, 31747.50, -1952.50, 0.00, 0.00, 31622.50, NULL, '2019-04-18 20:01:57', '2019-04-18 20:02:14', NULL),
(241, 'ROSARIO_2019_02_25_pesos.csv', '2019-02-25', 1, 3, 1, 5570680.00, 5010674.00, NULL, NULL, 6544254.50, 973574.50, 0.00, 0.00, 1571930.50, NULL, '2019-04-18 20:02:42', '2019-04-18 20:04:18', NULL),
(242, 'ROSARIO_2019_02_26_pesos.csv', '2019-02-26', 1, 3, 1, 5999725.00, 14968204.00, NULL, NULL, 16679219.50, 10679494.50, 0.00, 0.00, 1820565.50, NULL, '2019-04-18 20:03:09', '2019-04-18 20:04:22', NULL),
(243, 'ROSARIO_2019_02_27_pesos.csv', '2019-02-27', 1, 3, 1, 5432215.00, 13205511.00, NULL, NULL, -5558168.00, -10990383.00, 0.00, 0.00, 1235321.00, NULL, '2019-04-18 20:03:34', '2019-04-18 20:04:25', NULL),
(244, 'ROSARIO_2019_02_28_pesos.csv', '2019-02-28', 1, 3, 1, 7080885.00, 6723094.50, NULL, NULL, 7779268.00, 698383.00, 0.00, 0.00, 1056173.50, NULL, '2019-04-18 20:04:00', '2019-04-18 20:04:28', NULL);


INSERT INTO `informe_final_mesas` (`id_informe_final_mesas`, `id_casino`, `anio_inicio`, `anio_final`, `base_anterior_dolar`, `base_anterior_euro`, `base_actual_dolar`, `base_actual_euro`, `base_cobrado_dolar`, `base_cobrado_euro`, `created_at`, `updated_at`, `deleted_at`) VALUES
(2, 3, 2010, 2011, 0.00, 0.00, 2731.03, 2216.53, 2731.03, 2216.53, NULL, NULL, NULL),
(3, 3, 2011, 2012, 2731.03, 2216.53, 2731.03, 2216.53, 2731.03, 2216.53, NULL, NULL, NULL),
(4, 3, 2012, 2013, 2731.03, 2216.53, 2881.51, 2533.49, 2881.51, 2533.49, NULL, NULL, NULL),
(5, 3, 2013, 2014, 2881.51, 2533.49, 2881.51, 2533.49, 2881.51, 2533.49, NULL, NULL, NULL),
(6, 3, 2014, 2015, 2881.51, 2533.49, 2495.78, 2159.11, 2881.51, 2533.49, NULL, NULL, NULL),
(7, 3, 2015, 2016, 2495.78, 2159.11, 2545.45, 2569.56, 2881.51, 2533.49, NULL, NULL, NULL),
(8, 3, 2016, 2017, 2545.45, 2569.56, 2112.23, 2164.57, 2881.51, 2533.49, NULL, NULL, NULL),
(9, 3, 2017, 2018, 2112.23, 2164.57, 2300.79, 2331.66, 2881.51, 2569.56, NULL, NULL, NULL),
(10, 3, 2018, 2019, 2300.79, 2331.66, 2032.37, 1924.14, 2881.51, 2569.56, NULL, NULL, NULL),
(11, 2, 2011, 2012, 0.00, 0.00, 2879.06, 2591.15, 2879.06, 2591.15, NULL, NULL, NULL),
(12, 2, 2012, 2013, 2879.06, 2591.15, 3287.21, 3167.02, 3287.21, 3167.02, NULL, NULL, NULL),
(13, 2, 2013, 2014, 3287.21, 3167.02, 3287.21, 3167.02, 3287.21, 3167.02, NULL, NULL, NULL),
(14, 2, 2014, 2015, 3287.21, 3167.02, 3004.07, 2788.24, 3287.21, 3167.02, NULL, NULL, NULL),
(15, 2, 2015, 2016, 3004.07, 2788.24, 3280.64, 3215.91, 3287.21, 3215.91, NULL, NULL, NULL),
(16, 2, 2016, 2017, 3280.64, 3215.91, 2876.14, 2919.30, 3287.21, 3215.91, NULL, NULL, NULL),
(17, 2, 2017, 2018, 2876.14, 2919.30, 2676.72, 2700.37, 3287.21, 3215.91, NULL, NULL, NULL),
(18, 2, 2018, 2019, 2676.72, 2700.37, 2458.49, 2304.78, 3287.21, 3215.91, NULL, NULL, NULL);


INSERT INTO `detalle_informe_final_mesas` (`id_detalle_informe_final_mesas`, `id_casino`, `id_mes_casino`, `fecha_cobro`, `total_pagado`, `impuestos`, `total_mes_anio_anterior`, `total_mes_actual`, `cotizacion_euro_anterior`, `cotizacion_dolar_actual`, `cotizacion_dolar_anterior`, `cotizacion_euro_actual`, `id_informe_final_mesas`, `created_at`, `updated_at`, `deleted_at`) VALUES
(106, 3, 28, '1999-01-01', 0.00, NULL, 0.00, 241160.00, 0.0000, 0.9999, 0.0000, 0.9999, 2, NULL, NULL, NULL),
(107, 3, 29, '1999-01-01', 0.00, NULL, 0.00, 2317809.00, 0.0000, 0.9999, 0.0000, 0.9999, 2, NULL, NULL, NULL),
(108, 3, 30, '1999-01-01', 0.00, NULL, 0.00, 2133637.00, 0.0000, 0.9999, 0.0000, 0.9999, 2, NULL, NULL, NULL),
(109, 3, 31, '1999-01-01', 0.00, NULL, 0.00, 1900497.50, 0.0000, 0.9999, 0.0000, 0.9999, 2, NULL, NULL, NULL),
(110, 3, 32, '1999-01-01', 0.00, NULL, 0.00, 2347176.75, 0.0000, 0.9999, 0.0000, 0.9999, 2, NULL, NULL, NULL),
(111, 3, 33, '1999-01-01', 0.00, NULL, 0.00, 1953501.00, 0.0000, 0.9999, 0.0000, 0.9999, 2, NULL, NULL, NULL),
(112, 3, 34, '1999-01-01', 0.00, NULL, 0.00, 2306781.75, 0.0000, 0.9999, 0.0000, 0.9999, 2, NULL, NULL, NULL),
(113, 3, 35, '1999-01-01', 0.00, NULL, 0.00, 2209538.75, 0.0000, 0.9999, 0.0000, 0.9999, 2, NULL, NULL, NULL),
(114, 3, 36, '1999-01-01', 0.00, NULL, 0.00, 2022249.75, 0.0000, 0.9999, 0.0000, 0.9999, 2, NULL, NULL, NULL),
(115, 3, 37, '1999-01-01', 0.00, NULL, 0.00, 2752043.25, 0.0000, 0.9999, 0.0000, 0.9999, 2, NULL, NULL, NULL),
(116, 3, 38, '1999-01-01', 0.00, NULL, 0.00, 2706305.25, 0.0000, 0.9999, 0.0000, 0.9999, 2, NULL, NULL, NULL),
(117, 3, 39, '1999-01-01', 0.00, NULL, 0.00, 3183769.50, 0.0000, 0.9999, 0.0000, 0.9999, 2, NULL, NULL, NULL),
(118, 3, 27, '1999-01-01', 0.00, NULL, 0.00, 3014768.75, 0.0000, 0.9999, 0.0000, 0.9999, 2, NULL, NULL, NULL),
(119, 3, 28, '1999-01-01', 0.00, NULL, 241160.00, 377165.00, 0.9999, 0.9999, 0.9999, 0.9999, 3, NULL, NULL, NULL),
(120, 3, 29, '1999-01-01', 0.00, NULL, 2317809.00, 2350589.50, 0.9999, 0.9999, 0.9999, 0.9999, 3, NULL, NULL, NULL),
(121, 3, 30, '1999-01-01', 0.00, NULL, 2133637.00, 1778136.75, 0.9999, 0.9999, 0.9999, 0.9999, 3, NULL, NULL, NULL),
(122, 3, 31, '1999-01-01', 0.00, NULL, 1900497.50, 2766163.00, 0.9999, 0.9999, 0.9999, 0.9999, 3, NULL, NULL, NULL),
(123, 3, 32, '1999-01-01', 0.00, NULL, 2347176.75, 2035461.25, 0.9999, 0.9999, 0.9999, 0.9999, 3, NULL, NULL, NULL),
(124, 3, 33, '1999-01-01', 0.00, NULL, 1953501.00, 1891065.00, 0.9999, 0.9999, 0.9999, 0.9999, 3, NULL, NULL, NULL),
(125, 3, 34, '1999-01-01', 0.00, NULL, 2306781.75, 2489389.50, 0.9999, 0.9999, 0.9999, 0.9999, 3, NULL, NULL, NULL),
(126, 3, 35, '1999-01-01', 0.00, NULL, 2209538.75, 2847142.25, 0.9999, 0.9999, 0.9999, 0.9999, 3, NULL, NULL, NULL),
(127, 3, 36, '1999-01-01', 0.00, NULL, 2022249.75, 3429129.50, 0.9999, 0.9999, 0.9999, 0.9999, 3, NULL, NULL, NULL),
(128, 3, 37, '1999-01-01', 0.00, NULL, 2752043.25, 3441191.50, 0.9999, 0.9999, 0.9999, 0.9999, 3, NULL, NULL, NULL),
(129, 3, 38, '1999-01-01', 0.00, NULL, 2706305.25, 3108619.00, 0.9999, 0.9999, 0.9999, 0.9999, 3, NULL, NULL, NULL),
(130, 3, 39, '1999-01-01', 0.00, NULL, 3183769.50, 2944476.50, 0.9999, 0.9999, 0.9999, 0.9999, 3, NULL, NULL, NULL),
(131, 3, 27, '1999-01-01', 0.00, NULL, 3014768.75, 3069013.50, 0.9999, 0.9999, 0.9999, 0.9999, 3, NULL, NULL, NULL),
(132, 3, 28, '1999-01-01', 0.00, NULL, 377165.00, 454743.50, 0.9999, 0.9999, 0.9999, 0.9999, 4, NULL, NULL, NULL),
(133, 3, 29, '1999-01-01', 0.00, NULL, 2350589.50, 2541144.00, 0.9999, 0.9999, 0.9999, 0.9999, 4, NULL, NULL, NULL),
(134, 3, 30, '1999-01-01', 0.00, NULL, 1778136.75, 1425700.00, 0.9999, 0.9999, 0.9999, 0.9999, 4, NULL, NULL, NULL),
(135, 3, 31, '1999-01-01', 0.00, NULL, 2766163.00, 2342394.00, 0.9999, 0.9999, 0.9999, 0.9999, 4, NULL, NULL, NULL),
(136, 3, 32, '1999-01-01', 0.00, NULL, 2035461.25, 1621765.00, 0.9999, 0.9999, 0.9999, 0.9999, 4, NULL, NULL, NULL),
(137, 3, 33, '1999-01-01', 0.00, NULL, 1891065.00, 2953965.00, 0.9999, 0.9999, 0.9999, 0.9999, 4, NULL, NULL, NULL),
(138, 3, 34, '1999-01-01', 0.00, NULL, 2489389.50, 2462592.00, 0.9999, 0.9999, 0.9999, 0.9999, 4, NULL, NULL, NULL),
(139, 3, 35, '1999-01-01', 0.00, NULL, 2847142.25, 2746660.00, 0.9999, 0.9999, 0.9999, 0.9999, 4, NULL, NULL, NULL),
(140, 3, 36, '1999-01-01', 0.00, NULL, 3429129.50, 1960317.00, 0.9999, 0.9999, 0.9999, 0.9999, 4, NULL, NULL, NULL),
(141, 3, 37, '1999-01-01', 0.00, NULL, 3441191.50, 2964400.00, 0.9999, 0.9999, 0.9999, 0.9999, 4, NULL, NULL, NULL),
(142, 3, 38, '1999-01-01', 0.00, NULL, 3108619.00, 3948604.00, 0.9999, 0.9999, 0.9999, 0.9999, 4, NULL, NULL, NULL),
(143, 3, 39, '1999-01-01', 0.00, NULL, 2944476.50, 3414396.00, 0.9999, 0.9999, 0.9999, 0.9999, 4, NULL, NULL, NULL),
(144, 3, 27, '1999-01-01', 0.00, NULL, 3069013.50, 3214208.00, 0.9999, 0.9999, 0.9999, 0.9999, 4, NULL, NULL, NULL),
(145, 3, 28, '1999-01-01', 0.00, NULL, 454743.50, 504016.00, 0.9999, 0.9999, 0.9999, 0.9999, 5, NULL, NULL, NULL),
(146, 3, 29, '1999-01-01', 0.00, NULL, 2541144.00, 3250614.00, 0.9999, 0.9999, 0.9999, 0.9999, 5, NULL, NULL, NULL),
(147, 3, 30, '1999-01-01', 0.00, NULL, 1425700.00, 3485122.00, 0.9999, 0.9999, 0.9999, 0.9999, 5, NULL, NULL, NULL),
(148, 3, 31, '1999-01-01', 0.00, NULL, 2342394.00, 2561151.00, 0.9999, 0.9999, 0.9999, 0.9999, 5, NULL, NULL, NULL),
(149, 3, 32, '1999-01-01', 0.00, NULL, 1621765.00, 4602935.00, 0.9999, 0.9999, 0.9999, 0.9999, 5, NULL, NULL, NULL),
(150, 3, 33, '1999-01-01', 0.00, NULL, 2953965.00, 2862488.00, 0.9999, 0.9999, 0.9999, 0.9999, 5, NULL, NULL, NULL),
(151, 3, 34, '1999-01-01', 0.00, NULL, 2462592.00, 2648641.00, 0.9999, 0.9999, 0.9999, 0.9999, 5, NULL, NULL, NULL),
(152, 3, 35, '1999-01-01', 0.00, NULL, 2746660.00, 3143545.00, 0.9999, 0.9999, 0.9999, 0.9999, 5, NULL, NULL, NULL),
(153, 3, 36, '1999-01-01', 0.00, NULL, 1960317.00, 3557633.00, 0.9999, 0.9999, 0.9999, 0.9999, 5, NULL, NULL, NULL),
(154, 3, 37, '1999-01-01', 0.00, NULL, 2964400.00, 2819758.00, 0.9999, 0.9999, 0.9999, 0.9999, 5, NULL, NULL, NULL),
(155, 3, 38, '1999-01-01', 0.00, NULL, 3948604.00, 4106309.00, 0.9999, 0.9999, 0.9999, 0.9999, 5, NULL, NULL, NULL),
(156, 3, 39, '1999-01-01', 0.00, NULL, 3414396.00, 5002263.00, 0.9999, 0.9999, 0.9999, 0.9999, 5, NULL, NULL, NULL),
(157, 3, 27, '1999-01-01', 0.00, NULL, 3214208.00, 3158928.00, 0.9999, 0.9999, 0.9999, 0.9999, 5, NULL, NULL, NULL),
(158, 3, 28, '1999-01-01', 0.00, NULL, 504016.00, -53913.00, 0.9999, 0.9999, 0.9999, 0.9999, 6, NULL, NULL, NULL),
(159, 3, 29, '1999-01-01', 0.00, NULL, 3250614.00, 3537344.00, 0.9999, 0.9999, 0.9999, 0.9999, 6, NULL, NULL, NULL),
(160, 3, 30, '1999-01-01', 0.00, NULL, 3485122.00, 4753832.00, 0.9999, 0.9999, 0.9999, 0.9999, 6, NULL, NULL, NULL),
(161, 3, 31, '1999-01-01', 0.00, NULL, 2561151.00, 3756511.00, 0.9999, 0.9999, 0.9999, 0.9999, 6, NULL, NULL, NULL),
(162, 3, 32, '1999-01-01', 0.00, NULL, 4602935.00, 4136778.00, 0.9999, 0.9999, 0.9999, 0.9999, 6, NULL, NULL, NULL),
(163, 3, 33, '1999-01-01', 0.00, NULL, 2862488.00, 4139829.00, 0.9999, 0.9999, 0.9999, 0.9999, 6, NULL, NULL, NULL),
(164, 3, 34, '1999-01-01', 0.00, NULL, 2648641.00, 4552005.00, 0.9999, 0.9999, 0.9999, 0.9999, 6, NULL, NULL, NULL),
(165, 3, 35, '1999-01-01', 0.00, NULL, 3143545.00, 4069711.00, 0.9999, 0.9999, 0.9999, 0.9999, 6, NULL, NULL, NULL),
(166, 3, 36, '1999-01-01', 0.00, NULL, 3557633.00, 4525111.00, 0.9999, 0.9999, 0.9999, 0.9999, 6, NULL, NULL, NULL),
(167, 3, 37, '1999-01-01', 0.00, NULL, 2819758.00, 4693045.00, 0.9999, 0.9999, 0.9999, 0.9999, 6, NULL, NULL, NULL),
(168, 3, 38, '1999-01-01', 0.00, NULL, 4106309.00, 6381922.00, 0.9999, 0.9999, 0.9999, 0.9999, 6, NULL, NULL, NULL),
(169, 3, 39, '1999-01-01', 0.00, NULL, 5002263.00, 5966823.00, 0.9999, 0.9999, 0.9999, 0.9999, 6, NULL, NULL, NULL),
(170, 3, 27, '1999-01-01', 0.00, NULL, 3158928.00, 3381536.00, 0.9999, 0.9999, 0.9999, 0.9999, 6, NULL, NULL, NULL),
(171, 3, 28, '1999-01-01', 0.00, NULL, -53913.00, 87538.00, 0.9999, 0.9999, 0.9999, 0.9999, 7, NULL, NULL, NULL),
(172, 3, 29, '1999-01-01', 0.00, NULL, 3537344.00, 6100117.00, 0.9999, 0.9999, 0.9999, 0.9999, 7, NULL, NULL, NULL),
(173, 3, 30, '1999-01-01', 0.00, NULL, 4753832.00, 4215590.00, 0.9999, 0.9999, 0.9999, 0.9999, 7, NULL, NULL, NULL),
(174, 3, 31, '1999-01-01', 0.00, NULL, 3756511.00, 4758407.00, 0.9999, 0.9999, 0.9999, 0.9999, 7, NULL, NULL, NULL),
(175, 3, 32, '1999-01-01', 0.00, NULL, 4136778.00, 4581628.00, 0.9999, 0.9999, 0.9999, 0.9999, 7, NULL, NULL, NULL),
(176, 3, 33, '1999-01-01', 0.00, NULL, 4139829.00, 5222440.00, 0.9999, 0.9999, 0.9999, 0.9999, 7, NULL, NULL, NULL),
(177, 3, 34, '1999-01-01', 0.00, NULL, 4552005.00, 4179030.00, 0.9999, 0.9999, 0.9999, 0.9999, 7, NULL, NULL, NULL),
(178, 3, 35, '1999-01-01', 0.00, NULL, 4069711.00, 6510285.00, 0.9999, 0.9999, 0.9999, 0.9999, 7, NULL, NULL, NULL),
(179, 3, 36, '1999-01-01', 0.00, NULL, 4525111.00, 6850150.00, 0.9999, 0.9999, 0.9999, 0.9999, 7, NULL, NULL, NULL),
(180, 3, 37, '1999-01-01', 0.00, NULL, 4693045.00, 5768416.00, 0.9999, 0.9999, 0.9999, 0.9999, 7, NULL, NULL, NULL),
(181, 3, 38, '1999-01-01', 0.00, NULL, 6381922.00, 5649075.00, 0.9999, 0.9999, 0.9999, 0.9999, 7, NULL, NULL, NULL),
(182, 3, 39, '1999-01-01', 0.00, NULL, 5966823.00, 6900075.00, 0.9999, 0.9999, 0.9999, 0.9999, 7, NULL, NULL, NULL),
(183, 3, 27, '1999-01-01', 0.00, NULL, 3381536.00, 6640055.00, 0.9999, 0.9999, 0.9999, 0.9999, 7, NULL, NULL, NULL),
(184, 3, 28, '1999-01-01', 0.00, NULL, 87538.00, 862060.00, 0.9999, 0.9999, 0.9999, 0.9999, 8, NULL, NULL, NULL),
(185, 3, 29, '1999-01-01', 0.00, NULL, 6100117.00, 6290275.00, 0.9999, 0.9999, 0.9999, 0.9999, 8, NULL, NULL, NULL),
(186, 3, 30, '1999-01-01', 0.00, NULL, 4215590.00, 6231450.00, 0.9999, 0.9999, 0.9999, 0.9999, 8, NULL, NULL, NULL),
(187, 3, 31, '1999-01-01', 0.00, NULL, 4758407.00, 4814960.00, 0.9999, 0.9999, 0.9999, 0.9999, 8, NULL, NULL, NULL),
(188, 3, 32, '1999-01-01', 0.00, NULL, 4581628.00, 7538950.00, 0.9999, 0.9999, 0.9999, 0.9999, 8, NULL, NULL, NULL),
(189, 3, 33, '1999-01-01', 0.00, NULL, 5222440.00, 5428420.00, 0.9999, 0.9999, 0.9999, 0.9999, 8, NULL, NULL, NULL),
(190, 3, 34, '1999-01-01', 0.00, NULL, 4179030.00, 5176795.00, 0.9999, 0.9999, 0.9999, 0.9999, 8, NULL, NULL, NULL),
(191, 3, 35, '1999-01-01', 0.00, NULL, 6510285.00, 5480340.00, 0.9999, 0.9999, 0.9999, 0.9999, 8, NULL, NULL, NULL),
(192, 3, 36, '1999-01-01', 0.00, NULL, 6850150.00, 4466595.00, 0.9999, 0.9999, 0.9999, 0.9999, 8, NULL, NULL, NULL),
(193, 3, 37, '1999-01-01', 0.00, NULL, 5768416.00, 6730690.00, 0.9999, 0.9999, 0.9999, 0.9999, 8, NULL, NULL, NULL),
(194, 3, 38, '1999-01-01', 0.00, NULL, 5649075.00, 7728050.00, 0.9999, 0.9999, 0.9999, 0.9999, 8, NULL, NULL, NULL),
(195, 3, 39, '1999-01-01', 0.00, NULL, 6900075.00, 7737655.00, 0.9999, 0.9999, 0.9999, 0.9999, 8, NULL, NULL, NULL),
(196, 3, 27, '1999-01-01', 0.00, NULL, 6640055.00, 8131880.00, 0.9999, 0.9999, 0.9999, 0.9999, 8, NULL, NULL, NULL),
(197, 3, 28, '1999-01-01', 0.00, NULL, 862060.00, 902000.00, 0.9999, 0.9999, 0.9999, 0.9999, 9, NULL, NULL, NULL),
(198, 3, 29, '1999-01-01', 0.00, NULL, 6290275.00, 8476570.00, 0.9999, 0.9999, 0.9999, 0.9999, 9, NULL, NULL, NULL),
(199, 3, 30, '1999-01-01', 0.00, NULL, 6231450.00, 75772945.00, 0.9999, 0.9999, 0.9999, 0.9999, 9, NULL, NULL, NULL),
(200, 3, 31, '1999-01-01', 0.00, NULL, 4814960.00, 9577125.00, 0.9999, 0.9999, 0.9999, 0.9999, 9, NULL, NULL, NULL),
(201, 3, 32, '1999-01-01', 0.00, NULL, 7538950.00, 8769690.00, 0.9999, 0.9999, 0.9999, 0.9999, 9, NULL, NULL, NULL),
(202, 3, 33, '1999-01-01', 0.00, NULL, 5428420.00, 8207405.00, 0.9999, 0.9999, 0.9999, 0.9999, 9, NULL, NULL, NULL),
(203, 3, 34, '1999-01-01', 0.00, NULL, 5176795.00, 8733525.00, 0.9999, 0.9999, 0.9999, 0.9999, 9, NULL, NULL, NULL),
(204, 3, 35, '1999-01-01', 0.00, NULL, 5480340.00, 8961695.00, 0.9999, 0.9999, 0.9999, 0.9999, 9, NULL, NULL, NULL),
(205, 3, 36, '1999-01-01', 0.00, NULL, 4466595.00, 10467180.00, 0.9999, 0.9999, 0.9999, 0.9999, 9, NULL, NULL, NULL),
(206, 3, 37, '1999-01-01', 0.00, NULL, 6730690.00, 8088390.00, 0.9999, 0.9999, 0.9999, 0.9999, 9, NULL, NULL, NULL),
(207, 3, 38, '1999-01-01', 0.00, NULL, 7728050.00, 11108785.00, 0.9999, 0.9999, 0.9999, 0.9999, 9, NULL, NULL, NULL),
(208, 3, 39, '1999-01-01', 0.00, NULL, 7737655.00, 11115030.00, 0.9999, 0.9999, 0.9999, 0.9999, 9, NULL, NULL, NULL),
(209, 3, 27, '1999-01-01', 0.00, NULL, 8131880.00, 20907715.00, 0.9999, 0.9999, 0.9999, 0.9999, 9, NULL, NULL, NULL),
(210, 2, 15, '1999-01-01', 0.00, NULL, 2635235.50, 3516840.25, 0.9999, 0.9999, 0.9999, 0.9999, 11, NULL, NULL, NULL),
(211, 2, 16, '1999-01-01', 0.00, NULL, 4205051.50, 4758565.25, 0.9999, 0.9999, 0.9999, 0.9999, 11, NULL, NULL, NULL),
(212, 2, 17, '1999-01-01', 0.00, NULL, 3855884.25, 5383125.00, 0.9999, 0.9999, 0.9999, 0.9999, 11, NULL, NULL, NULL),
(213, 2, 18, '1999-01-01', 0.00, NULL, 3633215.75, 4993671.50, 0.9999, 0.9999, 0.9999, 0.9999, 11, NULL, NULL, NULL),
(214, 2, 19, '1999-01-01', 0.00, NULL, 4033820.00, 4387493.75, 0.9999, 0.9999, 0.9999, 0.9999, 11, NULL, NULL, NULL),
(215, 2, 20, '1999-01-01', 0.00, NULL, 4652200.00, 6075652.25, 0.9999, 0.9999, 0.9999, 0.9999, 11, NULL, NULL, NULL),
(216, 2, 21, '1999-01-01', 0.00, NULL, 4171631.75, 5856852.00, 0.9999, 0.9999, 0.9999, 0.9999, 11, NULL, NULL, NULL),
(217, 2, 22, '1999-01-01', 0.00, NULL, 4607288.25, 5144217.25, 0.9999, 0.9999, 0.9999, 0.9999, 11, NULL, NULL, NULL),
(218, 2, 23, '1999-01-01', 0.00, NULL, 5068956.75, 4554957.75, 0.9999, 0.9999, 0.9999, 0.9999, 11, NULL, NULL, NULL),
(219, 2, 24, '1999-01-01', 0.00, NULL, 5003920.00, 6582380.75, 0.9999, 0.9999, 0.9999, 0.9999, 11, NULL, NULL, NULL),
(220, 2, 25, '1999-01-01', 0.00, NULL, 4227523.50, 6470463.00, 0.9999, 0.9999, 0.9999, 0.9999, 11, NULL, NULL, NULL),
(221, 2, 26, '1999-01-01', 0.00, NULL, 5638226.00, 5601730.75, 0.9999, 0.9999, 0.9999, 0.9999, 11, NULL, NULL, NULL),
(222, 2, 14, '1999-01-01', 0.00, NULL, 1310212.25, 2288800.50, 0.9999, 0.9999, 0.9999, 0.9999, 11, NULL, NULL, NULL),
(223, 2, 15, '1999-01-01', 0.00, NULL, 3516840.25, 4484029.00, 0.9999, 0.9999, 0.9999, 0.9999, 12, NULL, NULL, NULL),
(224, 2, 16, '1999-01-01', 0.00, NULL, 4758565.25, 5612749.75, 0.9999, 0.9999, 0.9999, 0.9999, 12, NULL, NULL, NULL),
(225, 2, 17, '1999-01-01', 0.00, NULL, 5383125.00, 4761647.25, 0.9999, 0.9999, 0.9999, 0.9999, 12, NULL, NULL, NULL),
(226, 2, 18, '1999-01-01', 0.00, NULL, 4993671.50, 5107180.00, 0.9999, 0.9999, 0.9999, 0.9999, 12, NULL, NULL, NULL),
(227, 2, 19, '1999-01-01', 0.00, NULL, 4387493.75, 5587433.75, 0.9999, 0.9999, 0.9999, 0.9999, 12, NULL, NULL, NULL),
(228, 2, 20, '1999-01-01', 0.00, NULL, 6075652.25, 5825067.90, 0.9999, 0.9999, 0.9999, 0.9999, 12, NULL, NULL, NULL),
(229, 2, 21, '1999-01-01', 0.00, NULL, 5856852.00, 4610696.25, 0.9999, 0.9999, 0.9999, 0.9999, 12, NULL, NULL, NULL),
(230, 2, 22, '1999-01-01', 0.00, NULL, 5144217.25, 5810558.75, 0.9999, 0.9999, 0.9999, 0.9999, 12, NULL, NULL, NULL),
(231, 2, 23, '1999-01-01', 0.00, NULL, 4554957.75, 5808825.25, 0.9999, 0.9999, 0.9999, 0.9999, 12, NULL, NULL, NULL),
(232, 2, 24, '1999-01-01', 0.00, NULL, 6582380.75, 6327413.81, 0.9999, 0.9999, 0.9999, 0.9999, 12, NULL, NULL, NULL),
(233, 2, 25, '1999-01-01', 0.00, NULL, 6470463.00, 7067528.00, 0.9999, 0.9999, 0.9999, 0.9999, 12, NULL, NULL, NULL),
(234, 2, 26, '1999-01-01', 0.00, NULL, 5601730.75, 6997450.25, 0.9999, 0.9999, 0.9999, 0.9999, 12, NULL, NULL, NULL),
(235, 2, 14, '1999-01-01', 0.00, NULL, 2288800.50, 2582884.50, 0.9999, 0.9999, 0.9999, 0.9999, 12, NULL, NULL, NULL),
(236, 2, 15, '1999-01-01', 0.00, NULL, 4484029.00, 5205490.75, 0.9999, 0.9999, 0.9999, 0.9999, 13, NULL, NULL, NULL),
(237, 2, 16, '1999-01-01', 0.00, NULL, 5612749.75, 7145189.25, 0.9999, 0.9999, 0.9999, 0.9999, 13, NULL, NULL, NULL),
(238, 2, 17, '1999-01-01', 0.00, NULL, 4761647.25, 6826875.50, 0.9999, 0.9999, 0.9999, 0.9999, 13, NULL, NULL, NULL),
(239, 2, 18, '1999-01-01', 0.00, NULL, 5107180.00, 7283144.00, 0.9999, 0.9999, 0.9999, 0.9999, 13, NULL, NULL, NULL),
(240, 2, 19, '1999-01-01', 0.00, NULL, 5587433.75, 6953916.25, 0.9999, 0.9999, 0.9999, 0.9999, 13, NULL, NULL, NULL),
(241, 2, 20, '1999-01-01', 0.00, NULL, 5825067.90, 7204523.25, 0.9999, 0.9999, 0.9999, 0.9999, 13, NULL, NULL, NULL),
(242, 2, 21, '1999-01-01', 0.00, NULL, 4610696.25, 7369400.25, 0.9999, 0.9999, 0.9999, 0.9999, 13, NULL, NULL, NULL),
(243, 2, 22, '1999-01-01', 0.00, NULL, 5810558.75, 7792662.25, 0.9999, 0.9999, 0.9999, 0.9999, 13, NULL, NULL, NULL),
(244, 2, 23, '1999-01-01', 0.00, NULL, 5808825.25, 8755725.00, 0.9999, 0.9999, 0.9999, 0.9999, 13, NULL, NULL, NULL),
(245, 2, 24, '1999-01-01', 0.00, NULL, 6327413.81, 8275323.00, 0.9999, 0.9999, 0.9999, 0.9999, 13, NULL, NULL, NULL),
(246, 2, 25, '1999-01-01', 0.00, NULL, 7067528.00, 7158682.00, 0.9999, 0.9999, 0.9999, 0.9999, 13, NULL, NULL, NULL),
(247, 2, 26, '1999-01-01', 0.00, NULL, 6997450.25, 8396952.25, 0.9999, 0.9999, 0.9999, 0.9999, 13, NULL, NULL, NULL),
(248, 2, 14, '1999-01-01', 0.00, NULL, 2582884.50, 2630159.75, 0.9999, 0.9999, 0.9999, 0.9999, 13, NULL, NULL, NULL),
(249, 2, 15, '1999-01-01', 0.00, NULL, 5205490.75, 7013965.00, 0.9999, 0.9999, 0.9999, 0.9999, 14, NULL, NULL, NULL),
(250, 2, 16, '1999-01-01', 0.00, NULL, 7145189.25, 6552939.25, 0.9999, 0.9999, 0.9999, 0.9999, 14, NULL, NULL, NULL),
(251, 2, 17, '1999-01-01', 0.00, NULL, 6826875.50, 8699292.25, 0.9999, 0.9999, 0.9999, 0.9999, 14, NULL, NULL, NULL),
(252, 2, 18, '1999-01-01', 0.00, NULL, 7283144.00, 8902319.25, 0.9999, 0.9999, 0.9999, 0.9999, 14, NULL, NULL, NULL),
(253, 2, 19, '1999-01-01', 0.00, NULL, 6953916.25, 8035102.50, 0.9999, 0.9999, 0.9999, 0.9999, 14, NULL, NULL, NULL),
(254, 2, 20, '1999-01-01', 0.00, NULL, 7204523.25, 8325888.75, 0.9999, 0.9999, 0.9999, 0.9999, 14, NULL, NULL, NULL),
(255, 2, 21, '1999-01-01', 0.00, NULL, 7369400.25, 9898711.50, 0.9999, 0.9999, 0.9999, 0.9999, 14, NULL, NULL, NULL),
(256, 2, 22, '1999-01-01', 0.00, NULL, 7792662.25, 9096210.25, 0.9999, 0.9999, 0.9999, 0.9999, 14, NULL, NULL, NULL),
(257, 2, 23, '1999-01-01', 0.00, NULL, 8755725.00, 8300559.75, 0.9999, 0.9999, 0.9999, 0.9999, 14, NULL, NULL, NULL),
(258, 2, 24, '1999-01-01', 0.00, NULL, 8275323.00, 12328023.00, 0.9999, 0.9999, 0.9999, 0.9999, 14, NULL, NULL, NULL),
(259, 2, 25, '1999-01-01', 0.00, NULL, 7158682.00, 11194957.75, 0.9999, 0.9999, 0.9999, 0.9999, 14, NULL, NULL, NULL),
(260, 2, 26, '1999-01-01', 0.00, NULL, 8396952.25, 9996671.25, 0.9999, 0.9999, 0.9999, 0.9999, 14, NULL, NULL, NULL),
(261, 2, 14, '1999-01-01', 0.00, NULL, 2630159.75, 2359938.75, 0.9999, 0.9999, 0.9999, 0.9999, 14, NULL, NULL, NULL),
(262, 2, 15, '1999-01-01', 0.00, NULL, 7013965.00, 7200831.25, 0.9999, 0.9999, 0.9999, 0.9999, 15, NULL, NULL, NULL),
(263, 2, 16, '1999-01-01', 0.00, NULL, 6552939.25, 10629856.25, 0.9999, 0.9999, 0.9999, 0.9999, 15, NULL, NULL, NULL),
(264, 2, 17, '1999-01-01', 0.00, NULL, 8699292.25, 11993921.25, 0.9999, 0.9999, 0.9999, 0.9999, 15, NULL, NULL, NULL),
(265, 2, 18, '1999-01-01', 0.00, NULL, 8902319.25, 11165637.50, 0.9999, 0.9999, 0.9999, 0.9999, 15, NULL, NULL, NULL),
(266, 2, 19, '1999-01-01', 0.00, NULL, 8035102.50, 9474584.25, 0.9999, 0.9999, 0.9999, 0.9999, 15, NULL, NULL, NULL),
(267, 2, 20, '1999-01-01', 0.00, NULL, 8325888.75, 11709973.75, 0.9999, 0.9999, 0.9999, 0.9999, 15, NULL, NULL, NULL),
(268, 2, 21, '1999-01-01', 0.00, NULL, 9898711.50, 11140332.50, 0.9999, 0.9999, 0.9999, 0.9999, 15, NULL, NULL, NULL),
(269, 2, 22, '1999-01-01', 0.00, NULL, 9096210.25, 11922678.25, 0.9999, 0.9999, 0.9999, 0.9999, 15, NULL, NULL, NULL),
(270, 2, 23, '1999-01-01', 0.00, NULL, 8300559.75, 11795153.00, 0.9999, 0.9999, 0.9999, 0.9999, 15, NULL, NULL, NULL),
(271, 2, 24, '1999-01-01', 0.00, NULL, 12328023.00, 11309443.75, 0.9999, 0.9999, 0.9999, 0.9999, 15, NULL, NULL, NULL),
(272, 2, 25, '1999-01-01', 0.00, NULL, 11194957.75, 12095599.50, 0.9999, 0.9999, 0.9999, 0.9999, 15, NULL, NULL, NULL),
(273, 2, 26, '1999-01-01', 0.00, NULL, 9996671.25, 14328233.75, 0.9999, 0.9999, 0.9999, 0.9999, 15, NULL, NULL, NULL),
(274, 2, 14, '1999-01-01', 0.00, NULL, 2359938.75, 3566931.25, 0.9999, 0.9999, 0.9999, 0.9999, 15, NULL, NULL, NULL),
(275, 2, 15, '1999-01-01', 0.00, NULL, 7200831.25, 8527990.00, 0.9999, 0.9999, 0.9999, 0.9999, 16, NULL, NULL, NULL),
(276, 2, 16, '1999-01-01', 0.00, NULL, 10629856.25, 13558649.75, 0.9999, 0.9999, 0.9999, 0.9999, 16, NULL, NULL, NULL),
(277, 2, 17, '1999-01-01', 0.00, NULL, 11993921.25, 14154715.00, 0.9999, 0.9999, 0.9999, 0.9999, 16, NULL, NULL, NULL),
(278, 2, 18, '1999-01-01', 0.00, NULL, 11165637.50, 10238219.75, 0.9999, 0.9999, 0.9999, 0.9999, 16, NULL, NULL, NULL),
(279, 2, 19, '1999-01-01', 0.00, NULL, 9474584.25, 9363726.25, 0.9999, 0.9999, 0.9999, 0.9999, 16, NULL, NULL, NULL),
(280, 2, 20, '1999-01-01', 0.00, NULL, 11709973.75, 15845331.25, 0.9999, 0.9999, 0.9999, 0.9999, 16, NULL, NULL, NULL),
(281, 2, 21, '1999-01-01', 0.00, NULL, 11140332.50, 11631762.50, 0.9999, 0.9999, 0.9999, 0.9999, 16, NULL, NULL, NULL),
(282, 2, 22, '1999-01-01', 0.00, NULL, 11922678.25, 16709750.00, 0.9999, 0.9999, 0.9999, 0.9999, 16, NULL, NULL, NULL),
(283, 2, 23, '1999-01-01', 0.00, NULL, 11795153.00, 11813897.50, 0.9999, 0.9999, 0.9999, 0.9999, 16, NULL, NULL, NULL),
(284, 2, 24, '1999-01-01', 0.00, NULL, 11309443.75, 15000337.00, 0.9999, 0.9999, 0.9999, 0.9999, 16, NULL, NULL, NULL),
(285, 2, 25, '1999-01-01', 0.00, NULL, 12095599.50, 14092262.25, 0.9999, 0.9999, 0.9999, 0.9999, 16, NULL, NULL, NULL),
(286, 2, 26, '1999-01-01', 0.00, NULL, 14328233.75, 16578027.50, 0.9999, 0.9999, 0.9999, 0.9999, 16, NULL, NULL, NULL),
(287, 2, 14, '1999-01-01', 0.00, NULL, 3566931.25, 5015267.50, 0.9999, 0.9999, 0.9999, 0.9999, 16, NULL, NULL, NULL),
(288, 2, 15, '1999-01-01', 0.00, NULL, 8527990.00, 11393007.50, 0.9999, 0.9999, 0.9999, 0.9999, 17, NULL, NULL, NULL),
(289, 2, 16, '1999-01-01', 0.00, NULL, 13558649.75, 15944749.50, 0.9999, 0.9999, 0.9999, 0.9999, 17, NULL, NULL, NULL),
(290, 2, 17, '1999-01-01', 0.00, NULL, 14154715.00, 18814031.25, 0.9999, 0.9999, 0.9999, 0.9999, 17, NULL, NULL, NULL),
(291, 2, 18, '1999-01-01', 0.00, NULL, 10238219.75, 14455944.75, 0.9999, 0.9999, 0.9999, 0.9999, 17, NULL, NULL, NULL),
(292, 2, 19, '1999-01-01', 0.00, NULL, 9363726.25, 14157907.00, 0.9999, 0.9999, 0.9999, 0.9999, 17, NULL, NULL, NULL),
(293, 2, 20, '1999-01-01', 0.00, NULL, 15845331.25, 18067841.25, 0.9999, 0.9999, 0.9999, 0.9999, 17, NULL, NULL, NULL),
(294, 2, 21, '1999-01-01', 0.00, NULL, 11631762.50, 13206608.50, 0.9999, 0.9999, 0.9999, 0.9999, 17, NULL, NULL, NULL),
(295, 2, 22, '1999-01-01', 0.00, NULL, 16709750.00, 16286184.25, 0.9999, 0.9999, 0.9999, 0.9999, 17, NULL, NULL, NULL),
(296, 2, 23, '1999-01-01', 0.00, NULL, 11813897.50, 19458076.50, 0.9999, 0.9999, 0.9999, 0.9999, 17, NULL, NULL, NULL),
(297, 2, 24, '1999-01-01', 0.00, NULL, 15000337.00, 14664492.50, 0.9999, 0.9999, 0.9999, 0.9999, 17, NULL, NULL, NULL),
(298, 2, 25, '1999-01-01', 0.00, NULL, 14092262.25, 16263380.00, 0.9999, 0.9999, 0.9999, 0.9999, 17, NULL, NULL, NULL),
(299, 2, 26, '1999-01-01', 0.00, NULL, 16578027.50, 17454470.00, 0.9999, 0.9999, 0.9999, 0.9999, 17, NULL, NULL, NULL),
(300, 2, 14, '1999-01-01', 0.00, NULL, 5015267.50, 6563430.00, 0.9999, 0.9999, 0.9999, 0.9999, 17, NULL, NULL, NULL);
